<?xml version="1.0" encoding="UTF-8"?>
<entity-mappings xmlns="http://java.sun.com/xml/ns/persistence/orm"
        version="2.0">

    <entity class="com.water.entity.Order">
        <table name="Order" schema="Tickets" catalog=""/>
        <attributes>
            <id name="orderid">
                <column name="orderid"/>
            </id>
            <basic name="performanceid">
                <column name="performanceid"/>
            </basic>
            <basic name="ordertime">
                <column name="ordertime"/>
            </basic>
            <basic name="begintime">
                <column name="begintime"/>
            </basic>
            <basic name="email">
                <column name="email"/>
            </basic>
            <basic name="performancename">
                <column name="performancename"/>
            </basic>
            <basic name="type">
                <column name="type"/>
            </basic>
            <basic name="isselect">
                <column name="isselect"/>
            </basic>
            <basic name="seat">
                <column name="seat"/>
            </basic>
            <basic name="price">
                <column name="price"/>
            </basic>
            <basic name="ticketnumber">
                <column name="ticketnumber"/>
            </basic>
            <basic name="coupon">
                <column name="coupon"/>
            </basic>
            <basic name="backprice">
                <column name="backprice"/>
            </basic>
        </attributes>
    </entity>
</entity-mappings>
