<?xml version="1.0" encoding="UTF-8"?>
<entity-mappings xmlns="http://java.sun.com/xml/ns/persistence/orm"
        version="2.0">

    <entity class="com.water.entity.Performance">
        <table name="Performance" schema="Tickets" catalog=""/>
        <attributes>
            <id name="performanceid">
                <column name="performanceid"/>
            </id>
            <basic name="performancetype">
                <column name="performancetype"/>
            </basic>
            <basic name="performancename">
                <column name="performancename"/>
            </basic>
            <basic name="time">
                <column name="time"/>
            </basic>
            <basic name="siteid">
                <column name="siteid"/>
            </basic>
            <basic name="sitename">
                <column name="sitename"/>
            </basic>
            <basic name="description">
                <column name="description"/>
            </basic>
            <basic name="price">
                <column name="price"/>
            </basic>
            <basic name="rownum">
                <column name="rownum"/>
            </basic>
            <basic name="colnum">
                <column name="colnum"/>
            </basic>
            <basic name="ischeck">
                <column name="ischeck"/>
            </basic>
            <basic name="lefttickets">
                <column name="lefttickets"/>
            </basic>
            <basic name="totaltickets">
                <column name="totaltickets"/>
            </basic>
        </attributes>
    </entity>
</entity-mappings>
