<?xml version="1.0" encoding="UTF-8"?>
<entity-mappings xmlns="http://java.sun.com/xml/ns/persistence/orm"
        version="2.0">

    <entity class="com.water.entity.Site">
        <table name="Site" schema="Tickets" catalog=""/>
        <attributes>
            <id name="id">
                <column name="id"/>
            </id>
            <basic name="sitename">
                <column name="sitename"/>
            </basic>
            <basic name="address">
                <column name="address"/>
            </basic>
            <basic name="seat">
                <column name="seat"/>
            </basic>
            <basic name="password">
                <column name="password"/>
            </basic>
            <basic name="money">
                <column name="money"/>
            </basic>
            <basic name="status">
                <column name="status"/>
            </basic>
            <basic name="updatestatus">
                <column name="updatestatus"/>
            </basic>
        </attributes>
    </entity>
</entity-mappings>
