<?xml version="1.0" encoding="UTF-8"?>
<entity-mappings xmlns="http://java.sun.com/xml/ns/persistence/orm"
        version="2.0">

    <entity class="com.water.entity.Ticket">
        <table name="Ticket" schema="Tickets" catalog="" />
        <attributes>
            <id name="ticketid">
                <column name="ticketid"/>
            </id>
            <basic name="performanceid">
                <column name="performanceid"/>
            </basic>
            <basic name="seattype">
                <column name="seattype"/>
            </basic>
            <basic name="seatnumber">
                <column name="seatnumber"/>
            </basic>
            <basic name="ischecked">
                <column name="ischecked"/>
            </basic>
            <basic name="ischoosed">
                <column name="ischoosed"/>
            </basic>
            <basic name="price">
                <column name="price"/>
            </basic>
        </attributes>
    </entity>
</entity-mappings>
