<?xml version="1.0" encoding="UTF-8"?>
<entity-mappings xmlns="http://java.sun.com/xml/ns/persistence/orm"
        version="2.0">

    <entity class="com.water.entity.UpdateSite">
        <table name="UpdateSite" schema="Tickets" catalog=""/>
        <attributes>
            <id name="updatesiteid">
                <column name="updatesiteid"/>
            </id>
            <basic name="siteid">
                <column name="siteid"/>
            </basic>
            <basic name="sitename">
                <column name="sitename"/>
            </basic>
            <basic name="siteaddress">
                <column name="siteaddress"/>
            </basic>
            <basic name="row">
                <column name="row"/>
            </basic>
            <basic name="col">
                <column name="col"/>
            </basic>
            <basic name="status">
                <column name="status"/>
            </basic>
            <basic name="updatestatus">
                <column name="updatestatus"/>
            </basic>
        </attributes>
    </entity>
</entity-mappings>
