<?xml version="1.0" encoding="UTF-8"?>
<entity-mappings xmlns="http://java.sun.com/xml/ns/persistence/orm"
        version="2.0">

    <entity class="com.water.entity.User">
        <table name="User" schema="Tickets" catalog=""/>
        <attributes>
            <id name="email">
                <column name="email"/>
            </id>
            <basic name="id">
                <column name="id"/>
            </basic>
            <basic name="username">
                <column name="username"/>
            </basic>
            <basic name="password">
                <column name="password"/>
            </basic>
            <basic name="viplevel">
                <column name="viplevel"/>
            </basic>
            <basic name="vippoint">
                <column name="vippoint"/>
            </basic>
            <basic name="money">
                <column name="money"/>
            </basic>
            <basic name="status">
                <column name="status"/>
            </basic>
            <basic name="validateCode">
                <column name="validateCode"/>
            </basic>
            <basic name="fiftykind">
                <column name="fiftykind"/>
            </basic>
            <basic name="hundredkind">
                <column name="hundredkind"/>
            </basic>
            <basic name="twohundredkind">
                <column name="twohundredkind"/>
            </basic>
            <basic name="totalconsume">
                <column name="totalconsume"/>
            </basic>
            <basic name="islogoff">
                <column name="islogoff"/>
            </basic>
        </attributes>
    </entity>
</entity-mappings>
