<?xml version="1.0" encoding="UTF-8"?>
<beans xmlns="http://www.springframework.org/schema/beans"
       xmlns:xsi="http://www.w3.org/2001/XMLSchema-instance"
       xmlns:context="http://www.springframework.org/schema/context"
       xmlns:mvc="http://www.springframework.org/schema/mvc" xmlns:tx="http://www.springframework.org/schema/tx"
       xsi:schemaLocation="http://www.springframework.org/schema/beans
        http://www.springframework.org/schema/beans/spring-beans-4.1.xsd
        http://www.springframework.org/schema/context
        http://www.springframework.org/schema/context/spring-context-4.1.xsd
        http://www.springframework.org/schema/mvc
        http://www.springframework.org/schema/mvc/spring-mvc-4.1.xsd http://www.springframework.org/schema/tx http://www.springframework.org/schema/tx/spring-tx.xsd">

    <!--********************************************配置Spring***************************************-->
    <!-- 自动扫描 -->
    <context:component-scan base-package="com.water">
        <!-- 扫描时跳过 @Controller 注解的JAVA类（控制器） -->
        <context:exclude-filter type="annotation" expression="org.springframework.stereotype.Controller"/>
    </context:component-scan>


    <!--********************************************配置hibernate********************************************-->

    <!--扫描配置文件(这里指向的是之前配置的那个config.properties)-->
    <context:property-placeholder location="classpath:/config.properties" />

    <!--配置数据源-->
    <bean id="dataSource" class="com.mchange.v2.c3p0.ComboPooledDataSource" destroy-method="close">
        <property name="driverClass" value="${jdbc.driver}" />  <!--数据库连接驱动-->
        <property name="jdbcUrl" value="jdbc:mysql://localhost:3306/Tickets" />     <!--数据库地址-->
        <!--<property name="jdbcUrl" value="jdbc:mysql://localhost:3306/water"/>-->
        <property name="user" value="${jdbc.username}" />   <!--用户名-->
        <property name="password" value="123456" />   <!--密码-->
        <!--<property name="user" value="root"/>-->
        <!--<property name="password" value="123456"/>-->
        <!--<property name="maxPoolSize" value="400" />    &lt;!&ndash;  &lt;!&ndash;最大连接数&ndash;&gt;&ndash;&gt;-->
        <!--<property name="minPoolSize" value="1" />     &lt;!&ndash;  &lt;!&ndash;最小连接数&ndash;&gt;&ndash;&gt;-->
        <!--<property name="initialPoolSize" value="10" />     &lt;!&ndash; &lt;!&ndash;初始化连接池内的数据库连接&ndash;&gt;&ndash;&gt;-->
        <!--<property name="maxIdleTime" value="20" /> &lt;!&ndash;;最大空闲时间&ndash;&gt;-->

    </bean>

    <!--配置session工厂-->
    <bean id="sessionFactory" class="org.springframework.orm.hibernate4.LocalSessionFactoryBean">
        <property name="dataSource" ref="dataSource" />
        <property name="packagesToScan" value="com.water.entity" />
        <property name="hibernateProperties">
            <props>
                <!--<prop key="hibernate.hbm2ddl.auto">create</prop>&lt;!&ndash; 启动时删数据库中的表，然后创建，退出时不删除数据表&ndash;&gt;-->
                <prop key="hibernate.hbm2ddl.auto">${hibernate.hbm2ddl.auto}</prop><!-- 自动修改，如果表结构与实体类不一致，那么就修改表使它们一致，数据会保留-->
                <prop key="hibernate.dialect">${hibernate.dialect}</prop>   <!--指定数据库方言-->
                <prop key="hibernate.show_sql">${hibernate.show_sql}</prop>     <!--在控制台显示执行的数据库操作语句-->
                <prop key="hibernate.format_sql">${hibernate.format_sql}</prop>     <!--在控制台显示执行的数据哭操作语句（格式）-->
                <prop key="hibernate.connection.autocommit">true</prop>
            </props>
        </property>
    </bean>

    <!-- 事物管理器配置  -->
    <bean id="transactionManager" class="org.springframework.orm.hibernate4.HibernateTransactionManager">
        <property name="sessionFactory" ref="sessionFactory" />
    </bean>

    <bean id="multipartResolver" class="org.springframework.web.multipart.commons.CommonsMultipartResolver">
        <property name="maxUploadSize" value="104857600"/>
        <property name="maxInMemorySize" value="4096"/>

    </bean>

</beans>