<?xml version="1.0" encoding="UTF-8"?>
<persistence xmlns="http://java.sun.com/xml/ns/persistence" version="2.0">

    <persistence-unit name="NewPersistenceUnit">
        <provider>org.hibernate.jpa.HibernatePersistenceProvider</provider>
        <mapping-file>com/water/entity/Site.xml</mapping-file>
        <mapping-file>com/water/entity/Performance.xml</mapping-file>
        <mapping-file>com/water/entity/User.xml</mapping-file>
        <mapping-file>com/water/entity/Order.xml</mapping-file>
        <mapping-file>com/water/entity/Ticket.xml</mapping-file>
        <mapping-file>com/water/entity/UpdateSite.xml</mapping-file>
        <class>com.water.entity.Apply</class>
        <class>com.water.entity.Sample</class>
        <class>com.water.entity.User</class>
        <class>com.water.entity.Site</class>
        <class>com.water.entity.Performance</class>
        <class>com.water.entity.Order</class>
        <class>com.water.entity.Ticket</class>
        <class>com.water.entity.UpdateSite</class>
        <properties>
            <property name="hibernate.connection.url" value="jdbc:mysql://localhost:3306/Tickets"/>
            <!--<property name="jdbcUrl" value="jdbc:mysql://localhost:3306/water"/>-->
            <property name="hibernate.connection.driver_class" value="com.mysql.jdbc.Driver"/>
            <property name="hibernate.connection.username" value="root"/>
            <property name="hibernate.connection.password" value="123456"/>
            <!--<property name="hibernate.connection.username" value="root"/>-->
            <!--<property name="hibernate.connection.password" value="123456"/>-->
            <property name="hibernate.archive.autodetection" value="class"/>
            <property name="hibernate.show_sql" value="true"/>
            <property name="hibernate.format_sql" value="true"/>
            <property name="hbm2ddl.auto" value="update"/>
        </properties>
    </persistence-unit>
</persistence>